question,jsd
P2_1,0.25231270633919817
P3_1,0.11716187132474838
