question,jsd
P2_1,0.16836006049418373
P3_1,0.16271183575212061
