question,jsd
P2_1,0.2629368665088016
P3_1,0.08206838403103262
