question,jsd
P2_1,0.12088950883096145
P3_1,0.22882394580625684
