question,jsd
P2_1,0.35478478111944484
P3_1,0.3607586667649318
