question,jsd
P2_1,0.22936252112151875
P3_1,0.23782182792180706
