question,jsd
P2_1,0.2562954176836038
P3_1,0.27360700606027244
