question,jsd
P2_1,0.1319031992930948
P3_1,0.22689128734118585
