question,jsd
P2_1,0.13143592419944994
P3_1,0.16099616224553437
