question,jsd
P2_1,0.16918487047829758
P3_1,0.25223818799723635
