question,jsd
P2_1,0.26390620500529277
P3_1,0.247653154850214
