question,jsd
P2_1,0.2723396263172969
P3_1,0.1389593929972114
