question,jsd
P2_1,0.2108935729365356
P3_1,0.09487071383246584
