question,accuracy
P1A,0.59
P1B,0.595
P1C,0.67
P2_1,0.16
P2_2,0.08108108108108109
P2_3,0.06321839080459771
P3_1,0.23
P3_2,0.17777777777777778
P3_3,0.05714285714285714
P3_4,0.08333333333333333
P3_5,0.0
P3_6,0.0
P4,0.195
