question,jsd
P2_1,0.1855310405246563
P3_1,0.2646301560920951
