question,jsd
P2_1,0.26742812521980563
P3_1,0.10445474811675479
