question,jsd
P2_1,0.3551530828450802
P3_1,0.7780974540443473
