question,jsd
P2_1,0.17294069597764142
P3_1,0.26440171853025407
