question,jsd
P2_1,0.15136315237887757
P3_1,0.2693685045295872
