question,jsd
P2_1,0.3477937080254983
P3_1,0.26322657255131854
