question,jsd
P2_1,0.15979779804650507
P3_1,0.10732667119618106
