question,jsd
P2_1,0.27291128221396804
P3_1,0.12597679206976914
