question,jsd
P2_1,0.21445553197011055
P3_1,0.20469799692124074
