question,jsd
P2_1,0.27158370823029876
P3_1,0.3122499576685491
