question,jsd
P2_1,0.29930400281464137
P3_1,0.28324375964224835
