question,jsd
P2_1,0.273935832641019
P3_1,0.19830955238110048
