question,jsd
P2_1,0.2704539467086249
P3_1,0.092540229384541
