question,jsd
P2_1,0.34809347381686934
P3_1,0.2693712189150384
