question,jsd
P2_1,0.20700987646000094
P3_1,0.24715045861453763
