question,jsd
P2_1,0.03653533290728608
P3_1,0.02683130599049671
