question,jsd
P2_1,0.13248455090586725
P3_1,0.22272134623344086
