question,jsd
P2_1,0.14648007125657314
P3_1,0.22251767662539323
