question,jsd
P2_1,0.25415967569582276
P3_1,0.1639724474523399
